{
  "lr": {
    "coef": 0.3112970245305124,
    "exp": -0.3077681335082213,
    "r2": 0.9909622758906868
  },
  "bs": {
    "coef": 4.929240802851202e-05,
    "exp": 0.7990233944600177,
    "r2": 0.9564957383241278
  }
}