{
  "condition_index": 6,
  "created_at": "2026-07-19T13:15:25.452477+00:00",
  "device": "mps",
  "dtype": "torch.float32",
  "evidence": "group_diagnostic",
  "expert_labels": [
    "core",
    "alien-encounters",
    "bygone-eras",
    "cultural-traditions"
  ],
  "git_commit": "255d4808fcb2adbcab5c035082fac266e8ee2729",
  "identity": {
    "bit_width": 8,
    "checkpoint_sha256": "a83eeac3ae77c09a166e363c7b475dd1ef4a1765662acc5440260313f637429d",
    "checkpoint_step": 16048,
    "data_label": "alien-encounters",
    "expert_mask": [
      1,
      0,
      1,
      1,
      1
    ],
    "granularity": "per_channel",
    "max_sequences": null,
    "model_kind": "gram",
    "profile_id": "leave_out__a-deadline-or-time-limit",
    "selected_groups": [
      "attention"
    ],
    "source_run_id": "20260718174851965051"
  },
  "loss": 1.6099414825439453,
  "provenance": "evaluated",
  "quantization_statistics": {
    "bit_width": 8,
    "granularity": "per_channel",
    "overall": {
      "element_count": 5242880,
      "mae": 0.002584917115746066,
      "max_absolute_error": 0.029818058013916016,
      "parameter_count": 24,
      "relative_l2_error": 0.007642977856198288,
      "rmse": 0.0030817900171623545,
      "scale_count": 10240,
      "scale_max": 0.060022931545972824,
      "scale_mean": 0.010358425602316857,
      "scale_min": 0.003543111262843013
    },
    "per_group": {
      "attention": {
        "element_count": 5242880,
        "mae": 0.002584917115746066,
        "max_absolute_error": 0.029818058013916016,
        "parameter_count": 24,
        "relative_l2_error": 0.007642977856198288,
        "rmse": 0.0030817900171623545,
        "scale_count": 10240,
        "scale_max": 0.060022931545972824,
        "scale_mean": 0.010358425602316857,
        "scale_min": 0.003543111262843013
      }
    },
    "per_parameter": {
      "blocks.0.attn.c_attn_kv.weight": {
        "absolute_error_sum": 348.36273193359375,
        "element_count": 131072,
        "error_l2": 1.31036376953125,
        "group": "attention",
        "mae": 0.00265779672190547,
        "max_absolute_error": 0.027654170989990234,
        "relative_l2_error": 0.008433119393885136,
        "rmse": 0.003619402414187789,
        "scale_count": 256,
        "scale_max": 0.05547948181629181,
        "scale_mean": 0.01064128614962101,
        "scale_min": 0.003956245724111795,
        "source_l2": 155.38304138183594,
        "squared_error_sum": 1.717052936553955
      },
      "blocks.0.attn.c_attn_q.weight": {
        "absolute_error_sum": 855.9144287109375,
        "element_count": 262144,
        "error_l2": 1.9684048891067505,
        "group": "attention",
        "mae": 0.0032650544308125973,
        "max_absolute_error": 0.011542039923369884,
        "relative_l2_error": 0.007434368133544922,
        "rmse": 0.003844540799036622,
        "scale_count": 512,
        "scale_max": 0.02309351973235607,
        "scale_mean": 0.013071998953819275,
        "scale_min": 0.005799040198326111,
        "source_l2": 264.7709655761719,
        "squared_error_sum": 3.874617576599121
      },
      "blocks.0.attn.c_proj.weight": {
        "absolute_error_sum": 464.2757873535156,
        "element_count": 262144,
        "error_l2": 1.0617738962173462,
        "group": "attention",
        "mae": 0.00177107157651335,
        "max_absolute_error": 0.008469343185424805,
        "relative_l2_error": 0.007617478258907795,
        "rmse": 0.0020737771410495043,
        "scale_count": 512,
        "scale_max": 0.017002927139401436,
        "scale_mean": 0.007087312638759613,
        "scale_min": 0.004059230908751488,
        "source_l2": 139.38653564453125,
        "squared_error_sum": 1.127363920211792
      },
      "blocks.1.attn.c_attn_kv.weight": {
        "absolute_error_sum": 330.23638916015625,
        "element_count": 131072,
        "error_l2": 1.0944029092788696,
        "group": "attention",
        "mae": 0.002519503701478243,
        "max_absolute_error": 0.016611620783805847,
        "relative_l2_error": 0.008036179468035698,
        "rmse": 0.0030228891409933567,
        "scale_count": 256,
        "scale_max": 0.03330148383975029,
        "scale_mean": 0.010099992156028748,
        "scale_min": 0.006659684702754021,
        "source_l2": 136.18447875976562,
        "squared_error_sum": 1.1977174282073975
      },
      "blocks.1.attn.c_attn_q.weight": {
        "absolute_error_sum": 697.983154296875,
        "element_count": 262144,
        "error_l2": 1.6141448020935059,
        "group": "attention",
        "mae": 0.0026625944301486015,
        "max_absolute_error": 0.010797858238220215,
        "relative_l2_error": 0.007379856426268816,
        "rmse": 0.0031526265665888786,
        "scale_count": 512,
        "scale_max": 0.02160852961242199,
        "scale_mean": 0.010664943605661392,
        "scale_min": 0.0038896428886801004,
        "source_l2": 218.7230682373047,
        "squared_error_sum": 2.6054635047912598
      },
      "blocks.1.attn.c_proj.weight": {
        "absolute_error_sum": 591.2010498046875,
        "element_count": 262144,
        "error_l2": 1.4012137651443481,
        "group": "attention",
        "mae": 0.002255253028124571,
        "max_absolute_error": 0.029818058013916016,
        "relative_l2_error": 0.007348759565502405,
        "rmse": 0.002736745635047555,
        "scale_count": 512,
        "scale_max": 0.060022931545972824,
        "scale_mean": 0.009038523770868778,
        "scale_min": 0.006666184403002262,
        "source_l2": 190.6735076904297,
        "squared_error_sum": 1.963399887084961
      },
      "blocks.2.attn.c_attn_kv.weight": {
        "absolute_error_sum": 343.70941162109375,
        "element_count": 131072,
        "error_l2": 1.1356372833251953,
        "group": "attention",
        "mae": 0.002622294705361128,
        "max_absolute_error": 0.015195310115814209,
        "relative_l2_error": 0.008042379282414913,
        "rmse": 0.0031367847695946693,
        "scale_count": 256,
        "scale_max": 0.030453883111476898,
        "scale_mean": 0.01049443706870079,
        "scale_min": 0.006856423337012529,
        "source_l2": 141.20663452148438,
        "squared_error_sum": 1.2896722555160522
      },
      "blocks.2.attn.c_attn_q.weight": {
        "absolute_error_sum": 723.331298828125,
        "element_count": 262144,
        "error_l2": 1.664499044418335,
        "group": "attention",
        "mae": 0.002759289927780628,
        "max_absolute_error": 0.014917194843292236,
        "relative_l2_error": 0.007542500272393227,
        "rmse": 0.003250974463298917,
        "scale_count": 512,
        "scale_max": 0.029842259362339973,
        "scale_mean": 0.011046839877963066,
        "scale_min": 0.005344918463379145,
        "source_l2": 220.6826629638672,
        "squared_error_sum": 2.770556688308716
      },
      "blocks.2.attn.c_proj.weight": {
        "absolute_error_sum": 622.6188354492188,
        "element_count": 262144,
        "error_l2": 1.431922435760498,
        "group": "attention",
        "mae": 0.0023751023691147566,
        "max_absolute_error": 0.017717838287353516,
        "relative_l2_error": 0.00738293444737792,
        "rmse": 0.002796723274514079,
        "scale_count": 512,
        "scale_max": 0.03544733300805092,
        "scale_mean": 0.009510144591331482,
        "scale_min": 0.007168252486735582,
        "source_l2": 193.9503173828125,
        "squared_error_sum": 2.0504016876220703
      },
      "blocks.3.attn.c_attn_kv.weight": {
        "absolute_error_sum": 347.15948486328125,
        "element_count": 131072,
        "error_l2": 1.1440699100494385,
        "group": "attention",
        "mae": 0.002648616675287485,
        "max_absolute_error": 0.014608550816774368,
        "relative_l2_error": 0.0080312704667449,
        "rmse": 0.0031600764486938715,
        "scale_count": 256,
        "scale_max": 0.0293131023645401,
        "scale_mean": 0.010616322979331017,