{
  "condition_index": 4,
  "created_at": "2026-07-19T11:55:57.059491+00:00",
  "device": "mps",
  "dtype": "torch.float32",
  "evidence": "group_diagnostic",
  "expert_labels": [
    "core",
    "a-deadline-or-time-limit",
    "alien-encounters",
    "bygone-eras",
    "cultural-traditions"
  ],
  "git_commit": "255d4808fcb2adbcab5c035082fac266e8ee2729",
  "identity": {
    "bit_width": 8,
    "checkpoint_sha256": "a83eeac3ae77c09a166e363c7b475dd1ef4a1765662acc5440260313f637429d",
    "checkpoint_step": 16048,
    "data_label": "core",
    "expert_mask": [
      1,
      1,
      1,
      1,
      1
    ],
    "granularity": "per_channel",
    "max_sequences": null,
    "model_kind": "gram",
    "profile_id": "all_on",
    "selected_groups": [
      "core_mlp"
    ],
    "source_run_id": "20260718174851965051"
  },
  "loss": 1.650726079940796,
  "provenance": "evaluated",
  "quantization_statistics": {
    "bit_width": 8,
    "granularity": "per_channel",
    "overall": {
      "element_count": 16777216,
      "mae": 0.002955501273390837,
      "max_absolute_error": 0.05777239799499512,
      "parameter_count": 16,
      "relative_l2_error": 0.008251571375700035,
      "rmse": 0.0035394829068347068,
      "scale_count": 20480,
      "scale_max": 0.11558756977319717,
      "scale_mean": 0.011244836542755366,
      "scale_min": 0.004461098928004503
    },
    "per_group": {
      "core_mlp": {
        "element_count": 16777216,
        "mae": 0.002955501273390837,
        "max_absolute_error": 0.05777239799499512,
        "parameter_count": 16,
        "relative_l2_error": 0.008251571375700035,
        "rmse": 0.0035394829068347068,
        "scale_count": 20480,
        "scale_max": 0.11558756977319717,
        "scale_mean": 0.011244836542755366,
        "scale_min": 0.004461098928004503
      }
    },
    "per_parameter": {
      "blocks.0.moe.experts.0.c_fc.weight": {
        "absolute_error_sum": 2695.7490234375,
        "element_count": 1048576,
        "error_l2": 3.0695719718933105,
        "group": "core_mlp",
        "mae": 0.002570866607129574,
        "max_absolute_error": 0.00923803448677063,
        "relative_l2_error": 0.007320872973650694,
        "rmse": 0.002997628878802061,
        "scale_count": 2048,
        "scale_max": 0.018538476899266243,
        "scale_mean": 0.010297948494553566,
        "scale_min": 0.0063404664397239685,
        "source_l2": 419.2904357910156,
        "squared_error_sum": 9.422271728515625
      },
      "blocks.0.moe.experts.0.c_proj.weight": {
        "absolute_error_sum": 2803.475830078125,
        "element_count": 1048576,
        "error_l2": 3.2843005657196045,
        "group": "core_mlp",
        "mae": 0.0026736028958112,
        "max_absolute_error": 0.026927709579467773,
        "relative_l2_error": 0.009106888435781002,
        "rmse": 0.0032073247712105513,
        "scale_count": 512,
        "scale_max": 0.05386146530508995,
        "scale_mean": 0.010696854442358017,
        "scale_min": 0.008063621819019318,
        "source_l2": 360.63916015625,
        "squared_error_sum": 10.786629676818848
      },
      "blocks.1.moe.experts.0.c_fc.weight": {
        "absolute_error_sum": 2902.5126953125,
        "element_count": 1048576,
        "error_l2": 3.303560495376587,
        "group": "core_mlp",
        "mae": 0.0027680518105626106,
        "max_absolute_error": 0.013885065913200378,
        "relative_l2_error": 0.007378974463790655,
        "rmse": 0.003226133296266198,
        "scale_count": 2048,
        "scale_max": 0.027783814817667007,
        "scale_mean": 0.01109753642231226,
        "scale_min": 0.004461098928004503,
        "source_l2": 447.6991271972656,
        "squared_error_sum": 10.913511276245117
      },
      "blocks.1.moe.experts.0.c_proj.weight": {
        "absolute_error_sum": 3223.375244140625,
        "element_count": 1048576,
        "error_l2": 3.8674423694610596,
        "group": "core_mlp",
        "mae": 0.0030740501824766397,
        "max_absolute_error": 0.046934425830841064,
        "relative_l2_error": 0.009223914705216885,
        "rmse": 0.003776799188926816,
        "scale_count": 512,
        "scale_max": 0.0938745066523552,
        "scale_mean": 0.0122976154088974,
        "scale_min": 0.009652938693761826,
        "source_l2": 419.2842712402344,
        "squared_error_sum": 14.957110404968262
      },
      "blocks.2.moe.experts.0.c_fc.weight": {
        "absolute_error_sum": 2871.9541015625,
        "element_count": 1048576,
        "error_l2": 3.2626447677612305,
        "group": "core_mlp",
        "mae": 0.002738908864557743,
        "max_absolute_error": 0.011171971447765827,
        "relative_l2_error": 0.007365034893155098,
        "rmse": 0.003186176298186183,
        "scale_count": 2048,
        "scale_max": 0.02244226634502411,
        "scale_mean": 0.010968182235956192,
        "scale_min": 0.006146708503365517,
        "source_l2": 442.9910888671875,
        "squared_error_sum": 10.64484977722168
      },
      "blocks.2.moe.experts.0.c_proj.weight": {
        "absolute_error_sum": 3257.8994140625,
        "element_count": 1048576,
        "error_l2": 3.864837169647217,
        "group": "core_mlp",
        "mae": 0.003106974996626377,
        "max_absolute_error": 0.03754544258117676,
        "relative_l2_error": 0.009073929861187935,
        "rmse": 0.0037742548156529665,
        "scale_count": 512,
        "scale_max": 0.07511316984891891,
        "scale_mean": 0.012434866279363632,
        "scale_min": 0.009512904100120068,
        "source_l2": 425.9275817871094,
        "squared_error_sum": 14.936964988708496
      },
      "blocks.3.moe.experts.0.c_fc.weight": {
        "absolute_error_sum": 2854.69482421875,
        "element_count": 1048576,
        "error_l2": 3.244248628616333,
        "group": "core_mlp",
        "mae": 0.0027224491350352764,
        "max_absolute_error": 0.012608468532562256,
        "relative_l2_error": 0.007351092528551817,
        "rmse": 0.0031682115513831377,
        "scale_count": 2048,
        "scale_max": 0.02528708428144455,
        "scale_mean": 0.010908977128565311,
        "scale_min": 0.00776260532438755,
        "source_l2": 441.3287658691406,
        "squared_error_sum": 10.52514934539795
      },
      "blocks.3.moe.experts.0.c_proj.weight": {
        "absolute_error_sum": 3292.76123046875,
        "element_count": 1048576,
        "error_l2": 3.8829469680786133,
        "group": "core_mlp",
        "mae": 0.0031402218155562878,
        "max_absolute_error": 0.03691887855529785,
        "relative_l2_error": 0.008940769359469414,
        "rmse": 0.003791940165683627,
        "scale_count": 512,
        "scale_max": 0.0739402025938034,
        "scale_mean": 0.012559954077005386,
        "scale_min": 0.009752869606018066,
        "source_l2": 434.2967529296875,
        "squared_error_sum": 15.077276229858398
      },
      "blocks.4.moe.experts.0.c_fc.weight": {
        "absolute_error_sum": 2856.136474609375,
        "element_count": 1048576,
        "error_l2": 3.245978832244873,
        "group": "core_mlp",
        "mae": 0.0027238239999860525,
        "max_absolute_error": 0.013126201927661896,
        "relative_l2_error": 0.007374240551143885,
        "rmse": 0.003169901203364134,
        "scale_count": 2048,
        "scale_max": 0.0262821726500988,
        "scale_mean": 0.010915851220488548,
        "scale_min": 0.007878681644797325,
        "source_l2": 440.17803955078125,
        "squared_error_sum": 10.536377906799316
      },
      "blocks.4.moe.experts.0.c_proj.weight": {
        "absolute_error_sum": 3425.203125,
        "element_count": 1048576,
        "error_l2": 3.9860987663269043,
        "group": "core_mlp",
        "mae": 0.0032665282487869263,
        "max_absolute_error": 0.03219778835773468,
        "relative_l2_error": 0.008888567797839642,
        "rmse": 0.0038926745764911175,
        "scale_count": 512,
        "scale_max": 0.06445571780204773,