{
  "condition_index": 7,
  "created_at": "2026-07-19T13:31:01.855520+00:00",
  "device": "mps",
  "dtype": "torch.float32",
  "evidence": "group_diagnostic",
  "expert_labels": [
    "core",
    "a-deadline-or-time-limit",
    "alien-encounters",
    "bygone-eras",
    "cultural-traditions"
  ],
  "git_commit": "255d4808fcb2adbcab5c035082fac266e8ee2729",
  "identity": {
    "bit_width": 8,
    "checkpoint_sha256": "a83eeac3ae77c09a166e363c7b475dd1ef4a1765662acc5440260313f637429d",
    "checkpoint_step": 16048,
    "data_label": "a-deadline-or-time-limit",
    "expert_mask": [
      1,
      1,
      1,
      1,
      1
    ],
    "granularity": "per_channel",
    "max_sequences": null,
    "model_kind": "gram",
    "profile_id": "all_on",
    "selected_groups": [
      "embeddings"
    ],
    "source_run_id": "20260718174851965051"
  },
  "loss": 1.7241779565811157,
  "provenance": "evaluated",
  "quantization_statistics": {
    "bit_width": 8,
    "granularity": "per_channel",
    "overall": {
      "element_count": 4194304,
      "mae": 0.002747668302617967,
      "max_absolute_error": 0.025362245738506317,
      "parameter_count": 2,
      "relative_l2_error": 0.00820287015034148,
      "rmse": 0.003307743581679348,
      "scale_count": 8192,
      "scale_max": 0.05072569102048874,
      "scale_mean": 0.011013322975486517,
      "scale_min": 0.00018798741803038865
    },
    "per_group": {
      "embeddings": {
        "element_count": 4194304,
        "mae": 0.002747668302617967,
        "max_absolute_error": 0.025362245738506317,
        "parameter_count": 2,
        "relative_l2_error": 0.00820287015034148,
        "rmse": 0.003307743581679348,
        "scale_count": 8192,
        "scale_max": 0.05072569102048874,
        "scale_mean": 0.011013322975486517,
        "scale_min": 0.00018798741803038865
      }
    },
    "per_parameter": {
      "embed.weight": {
        "absolute_error_sum": 5850.83349609375,
        "element_count": 2097152,
        "error_l2": 4.85402250289917,
        "group": "embeddings",
        "mae": 0.0027898948173969984,
        "max_absolute_error": 0.025362245738506317,
        "relative_l2_error": 0.007619812618941069,
        "rmse": 0.0033518674317747355,
        "scale_count": 4096,
        "scale_max": 0.05072569102048874,
        "scale_mean": 0.01117672398686409,
        "scale_min": 0.00018798741803038865,
        "source_l2": 637.0264892578125,
        "squared_error_sum": 23.561534881591797
      },
      "unembed.weight": {
        "absolute_error_sum": 5673.72265625,
        "element_count": 2097152,
        "error_l2": 4.725362300872803,
        "group": "embeddings",
        "mae": 0.002705441787838936,
        "max_absolute_error": 0.011458635330200195,
        "relative_l2_error": 0.008991168811917305,
        "rmse": 0.003263023216277361,
        "scale_count": 4096,
        "scale_max": 0.02303135208785534,
        "scale_mean": 0.010849921964108944,
        "scale_min": 0.004739642143249512,
        "source_l2": 525.5559692382812,
        "squared_error_sum": 22.32904815673828
      }
    },
    "selected_groups": [
      "embeddings"
    ]
  },
  "source_checkpoint": "/Users/jarrett/dev/gram-quant/modular-pretraining/results/stories_phase2/seed_1/20260718174851965051/routed/checkpoint.pth"
}
