{
  "condition_index": 14,
  "created_at": "2026-07-19T16:55:39.745767+00:00",
  "device": "mps",
  "dtype": "torch.float32",
  "evidence": "group_diagnostic",
  "expert_labels": [
    "core",
    "alien-encounters",
    "bygone-eras",
    "cultural-traditions"
  ],
  "git_commit": "255d4808fcb2adbcab5c035082fac266e8ee2729",
  "identity": {
    "bit_width": 4,
    "checkpoint_sha256": "a83eeac3ae77c09a166e363c7b475dd1ef4a1765662acc5440260313f637429d",
    "checkpoint_step": 16048,
    "data_label": "core",
    "expert_mask": [
      1,
      0,
      1,
      1,
      1
    ],
    "granularity": "per_channel",
    "max_sequences": null,
    "model_kind": "gram",
    "profile_id": "leave_out__a-deadline-or-time-limit",
    "selected_groups": [
      "attention"
    ],
    "source_run_id": "20260718174851965051"
  },
  "loss": 1.6593519449234009,
  "provenance": "evaluated",
  "quantization_statistics": {
    "bit_width": 4,
    "granularity": "per_channel",
    "overall": {
      "element_count": 5242880,
      "mae": 0.04689022749662399,
      "max_absolute_error": 0.5441854000091553,
      "parameter_count": 24,
      "relative_l2_error": 0.1386730062230099,
      "rmse": 0.05591552048277429,
      "scale_count": 10240,
      "scale_max": 1.0889874696731567,
      "scale_mean": 0.1879314322024584,
      "scale_min": 0.06428216397762299
    },
    "per_group": {
      "attention": {
        "element_count": 5242880,
        "mae": 0.04689022749662399,
        "max_absolute_error": 0.5441854000091553,
        "parameter_count": 24,
        "relative_l2_error": 0.1386730062230099,
        "rmse": 0.05591552048277429,
        "scale_count": 10240,
        "scale_max": 1.0889874696731567,
        "scale_mean": 0.1879314322024584,
        "scale_min": 0.06428216397762299
      }
    },
    "per_parameter": {
      "blocks.0.attn.c_attn_kv.weight": {
        "absolute_error_sum": 6316.0263671875,
        "element_count": 131072,
        "error_l2": 23.778060913085938,
        "group": "attention",
        "mae": 0.04818745702505112,
        "max_absolute_error": 0.5030807852745056,
        "relative_l2_error": 0.1530286818742752,
        "rmse": 0.06567823141813278,
        "scale_count": 256,
        "scale_max": 1.0065562725067139,
        "scale_mean": 0.19306331872940063,
        "scale_min": 0.0717775970697403,
        "source_l2": 155.38304138183594,
        "squared_error_sum": 565.3961181640625
      },
      "blocks.0.attn.c_attn_q.weight": {
        "absolute_error_sum": 15466.6904296875,
        "element_count": 262144,
        "error_l2": 35.598976135253906,
        "group": "attention",
        "mae": 0.05900074169039726,
        "max_absolute_error": 0.20904046297073364,
        "relative_l2_error": 0.1344519704580307,
        "rmse": 0.06952925026416779,
        "scale_count": 512,
        "scale_max": 0.41898244619369507,
        "scale_mean": 0.23716339468955994,
        "scale_min": 0.10521115362644196,
        "source_l2": 264.7709655761719,
        "squared_error_sum": 1267.287109375
      },
      "blocks.0.attn.c_proj.weight": {
        "absolute_error_sum": 8395.759765625,
        "element_count": 262144,
        "error_l2": 19.219120025634766,
        "group": "attention",
        "mae": 0.03202728182077408,
        "max_absolute_error": 0.15339511632919312,
        "relative_l2_error": 0.13788361847400665,
        "rmse": 0.0375373438000679,
        "scale_count": 512,
        "scale_max": 0.30848169326782227,
        "scale_mean": 0.1285841017961502,
        "scale_min": 0.07364604622125626,
        "source_l2": 139.38653564453125,
        "squared_error_sum": 369.37457275390625
      },
      "blocks.1.attn.c_attn_kv.weight": {
        "absolute_error_sum": 6002.8740234375,
        "element_count": 131072,
        "error_l2": 19.929624557495117,
        "group": "attention",
        "mae": 0.04579829424619675,
        "max_absolute_error": 0.3015967905521393,
        "relative_l2_error": 0.14634284377098083,
        "rmse": 0.05504832789301872,
        "scale_count": 256,
        "scale_max": 0.604184091091156,
        "scale_mean": 0.18324270844459534,
        "scale_min": 0.12082570791244507,
        "source_l2": 136.18447875976562,
        "squared_error_sum": 397.1899108886719
      },
      "blocks.1.attn.c_attn_q.weight": {
        "absolute_error_sum": 12666.728515625,
        "element_count": 262144,
        "error_l2": 29.288177490234375,
        "group": "attention",
        "mae": 0.0483197346329689,
        "max_absolute_error": 0.1959347128868103,
        "relative_l2_error": 0.133905291557312,
        "rmse": 0.057203467935323715,
        "scale_count": 512,
        "scale_max": 0.3920404613018036,
        "scale_mean": 0.19349254667758942,
        "scale_min": 0.0705692321062088,
        "source_l2": 218.7230682373047,
        "squared_error_sum": 857.7972412109375
      },
      "blocks.1.attn.c_proj.weight": {
        "absolute_error_sum": 10719.5546875,
        "element_count": 262144,
        "error_l2": 25.441404342651367,
        "group": "attention",
        "mae": 0.0408918559551239,
        "max_absolute_error": 0.5441854000091553,
        "relative_l2_error": 0.133429154753685,
        "rmse": 0.04969024285674095,
        "scale_count": 512,
        "scale_max": 1.0889874696731567,
        "scale_mean": 0.16398464143276215,
        "scale_min": 0.12094362825155258,
        "source_l2": 190.6735076904297,
        "squared_error_sum": 647.2650146484375
      },
      "blocks.2.attn.c_attn_kv.weight": {
        "absolute_error_sum": 6222.873046875,
        "element_count": 131072,
        "error_l2": 20.574321746826172,
        "group": "attention",
        "mae": 0.04747675359249115,
        "max_absolute_error": 0.2760268747806549,
        "relative_l2_error": 0.14570364356040955,
        "rmse": 0.056829072535037994,
        "scale_count": 256,
        "scale_max": 0.5525204539299011,
        "scale_mean": 0.19039905071258545,
        "scale_min": 0.12439510971307755,
        "source_l2": 141.20663452148438,
        "squared_error_sum": 423.3027038574219
      },
      "blocks.2.attn.c_attn_q.weight": {
        "absolute_error_sum": 13109.12890625,
        "element_count": 262144,
        "error_l2": 30.15912437438965,
        "group": "attention",
        "mae": 0.05000735819339752,
        "max_absolute_error": 0.2706320583820343,
        "relative_l2_error": 0.13666285574436188,
        "rmse": 0.05890453979372978,
        "scale_count": 512,
        "scale_max": 0.5414238572120667,
        "scale_mean": 0.20042124390602112,
        "scale_min": 0.09697209298610687,
        "source_l2": 220.6826629638672,
        "squared_error_sum": 909.5728149414062
      },
      "blocks.2.attn.c_proj.weight": {
        "absolute_error_sum": 11267.689453125,
        "element_count": 262144,
        "error_l2": 25.94672966003418,
        "group": "attention",
        "mae": 0.04298282414674759,
        "max_absolute_error": 0.3210127353668213,
        "relative_l2_error": 0.13378028571605682,
        "rmse": 0.05067720636725426,
        "scale_count": 512,
        "scale_max": 0.6431159377098083,
        "scale_mean": 0.17254118621349335,
        "scale_min": 0.1300525814294815,
        "source_l2": 193.9503173828125,
        "squared_error_sum": 673.2327880859375
      },
      "blocks.3.attn.c_attn_kv.weight": {
        "absolute_error_sum": 6323.17822265625,
        "element_count": 131072,
        "error_l2": 20.8208065032959,
        "group": "attention",
        "mae": 0.04824202135205269,
        "max_absolute_error": 0.26548779010772705,
        "relative_l2_error": 0.14616024494171143,
        "rmse": 0.0575098991394043,
        "scale_count": 256,
        "scale_max": 0.531823456287384,
        "scale_mean": 0.19261041283607483,
        "scale_min": 0.12568987905979156,
        "source_l2": 142.45191955566406,
        "squared_error_sum": 433.5060119628906
      },