{
  "condition_index": 8,
  "created_at": "2026-07-19T13:59:32.624020+00:00",
  "device": "mps",
  "dtype": "torch.float32",
  "evidence": "group_diagnostic",
  "expert_labels": [
    "core",
    "a-deadline-or-time-limit",
    "alien-encounters",
    "bygone-eras",
    "cultural-traditions"
  ],
  "git_commit": "255d4808fcb2adbcab5c035082fac266e8ee2729",
  "identity": {
    "bit_width": 6,
    "checkpoint_sha256": "a83eeac3ae77c09a166e363c7b475dd1ef4a1765662acc5440260313f637429d",
    "checkpoint_step": 16048,
    "data_label": "core",
    "expert_mask": [
      1,
      1,
      1,
      1,
      1
    ],
    "granularity": "per_channel",
    "max_sequences": null,
    "model_kind": "gram",
    "profile_id": "all_on",
    "selected_groups": [
      "core_mlp"
    ],
    "source_run_id": "20260718174851965051"
  },
  "loss": 1.6517720222473145,
  "provenance": "evaluated",
  "quantization_statistics": {
    "bit_width": 6,
    "granularity": "per_channel",
    "overall": {
      "element_count": 16777216,
      "mae": 0.012111001764424145,
      "max_absolute_error": 0.23648181557655334,
      "parameter_count": 16,
      "relative_l2_error": 0.033812630333051076,
      "rmse": 0.014503810603862537,
      "scale_count": 20480,
      "scale_max": 0.4735361933708191,
      "scale_mean": 0.046067556273192166,
      "scale_min": 0.018276114016771317
    },
    "per_group": {
      "core_mlp": {
        "element_count": 16777216,
        "mae": 0.012111001764424145,
        "max_absolute_error": 0.23648181557655334,
        "parameter_count": 16,
        "relative_l2_error": 0.033812630333051076,
        "rmse": 0.014503810603862537,
        "scale_count": 20480,
        "scale_max": 0.4735361933708191,
        "scale_mean": 0.046067556273192166,
        "scale_min": 0.018276114016771317
      }
    },
    "per_parameter": {
      "blocks.0.moe.experts.0.c_fc.weight": {
        "absolute_error_sum": 11040.603515625,
        "element_count": 1048576,
        "error_l2": 12.573469161987305,
        "group": "core_mlp",
        "mae": 0.010529140010476112,
        "max_absolute_error": 0.03775264322757721,
        "relative_l2_error": 0.02998749352991581,
        "rmse": 0.012278778478503227,
        "scale_count": 2048,
        "scale_max": 0.07594795525074005,
        "scale_mean": 0.0421883687376976,
        "scale_min": 0.025975460186600685,
        "source_l2": 419.2904357910156,
        "squared_error_sum": 158.0921173095703
      },
      "blocks.0.moe.experts.0.c_proj.weight": {
        "absolute_error_sum": 11490.953125,
        "element_count": 1048576,
        "error_l2": 13.456826210021973,
        "group": "core_mlp",
        "mae": 0.010958626866340637,
        "max_absolute_error": 0.11029151827096939,
        "relative_l2_error": 0.03731382265686989,
        "rmse": 0.013141431845724583,
        "scale_count": 512,
        "scale_max": 0.22065825760364532,
        "scale_mean": 0.043822601437568665,
        "scale_min": 0.03303483501076698,
        "source_l2": 360.63916015625,
        "squared_error_sum": 181.08616638183594
      },
      "blocks.1.moe.experts.0.c_fc.weight": {
        "absolute_error_sum": 11901.1796875,
        "element_count": 1048576,
        "error_l2": 13.546040534973145,
        "group": "core_mlp",
        "mae": 0.01134984940290451,
        "max_absolute_error": 0.05680067837238312,
        "relative_l2_error": 0.03025701828300953,
        "rmse": 0.013228555209934711,
        "scale_count": 2048,
        "scale_max": 0.1138240173459053,
        "scale_mean": 0.04546410217881203,
        "scale_min": 0.018276114016771317,
        "source_l2": 447.6991271972656,
        "squared_error_sum": 183.49520874023438
      },
      "blocks.1.moe.experts.0.c_proj.weight": {
        "absolute_error_sum": 13192.216796875,
        "element_count": 1048576,
        "error_l2": 15.78531551361084,
        "group": "core_mlp",
        "mae": 0.012581078335642815,
        "max_absolute_error": 0.1922593116760254,
        "relative_l2_error": 0.037648241966962814,
        "rmse": 0.015415346249938011,
        "scale_count": 512,
        "scale_max": 0.38458263874053955,
        "scale_mean": 0.05038055032491684,
        "scale_min": 0.03954590857028961,
        "source_l2": 419.2842712402344,
        "squared_error_sum": 249.17616271972656
      },
      "blocks.2.moe.experts.0.c_fc.weight": {
        "absolute_error_sum": 11757.34375,
        "element_count": 1048576,
        "error_l2": 13.358829498291016,
        "group": "core_mlp",
        "mae": 0.011212676763534546,
        "max_absolute_error": 0.0459689199924469,
        "relative_l2_error": 0.030155977234244347,
        "rmse": 0.01304573193192482,
        "scale_count": 2048,
        "scale_max": 0.09194089472293854,
        "scale_mean": 0.044934168457984924,
        "scale_min": 0.02518167532980442,
        "source_l2": 442.9910888671875,
        "squared_error_sum": 178.45831298828125
      },
      "blocks.2.moe.experts.0.c_proj.weight": {
        "absolute_error_sum": 13357.46484375,
        "element_count": 1048576,
        "error_l2": 15.864421844482422,
        "group": "core_mlp",
        "mae": 0.012738671153783798,
        "max_absolute_error": 0.15378451347351074,
        "relative_l2_error": 0.03724675998091698,
        "rmse": 0.015492599457502365,
        "scale_count": 512,
        "scale_max": 0.30772170424461365,
        "scale_mean": 0.050942838191986084,
        "scale_min": 0.038972221314907074,
        "source_l2": 425.9275817871094,
        "squared_error_sum": 251.6798858642578
      },
      "blocks.3.moe.experts.0.c_fc.weight": {
        "absolute_error_sum": 11699.095703125,
        "element_count": 1048576,
        "error_l2": 13.29302978515625,
        "group": "core_mlp",
        "mae": 0.011157127097249031,
        "max_absolute_error": 0.05168634653091431,
        "relative_l2_error": 0.030120469629764557,
        "rmse": 0.01298147439956665,
        "scale_count": 2048,
        "scale_max": 0.10359547287225723,
        "scale_mean": 0.04469161480665207,
        "scale_min": 0.03180164098739624,
        "source_l2": 441.3287658691406,
        "squared_error_sum": 176.70465087890625
      },
      "blocks.3.moe.experts.0.c_proj.weight": {
        "absolute_error_sum": 13485.712890625,
        "element_count": 1048576,
        "error_l2": 15.902128219604492,
        "group": "core_mlp",
        "mae": 0.01286097802221775,
        "max_absolute_error": 0.15138757228851318,
        "relative_l2_error": 0.03661581128835678,
        "rmse": 0.015529422089457512,
        "scale_count": 512,
        "scale_max": 0.3029163181781769,
        "scale_mean": 0.0514552965760231,
        "scale_min": 0.03995530307292938,
        "source_l2": 434.2967529296875,
        "squared_error_sum": 252.877685546875
      },
      "blocks.4.moe.experts.0.c_fc.weight": {
        "absolute_error_sum": 11705.63671875,
        "element_count": 1048576,
        "error_l2": 13.300973892211914,
        "group": "core_mlp",
        "mae": 0.011163365095853806,
        "max_absolute_error": 0.053692907094955444,
        "relative_l2_error": 0.030217258259654045,
        "rmse": 0.012989232316613197,
        "scale_count": 2048,
        "scale_max": 0.10767213255167007,
        "scale_mean": 0.04471977427601814,
        "scale_min": 0.0322771817445755,
        "source_l2": 440.17803955078125,
        "squared_error_sum": 176.91590881347656
      },
      "blocks.4.moe.experts.0.c_proj.weight": {
        "absolute_error_sum": 14036.7041015625,
        "element_count": 1048576,
        "error_l2": 16.343486785888672,
        "group": "core_mlp",
        "mae": 0.013386444188654423,
        "max_absolute_error": 0.13202343881130219,
        "relative_l2_error": 0.036444202065467834,
        "rmse": 0.015960436314344406,
        "scale_count": 512,
        "scale_max": 0.26406052708625793,
        "scale_mean": 0.05359511822462082,
        "scale_min": 0.04007125273346901,