{
  "condition_index": 12,
  "created_at": "2026-07-19T16:02:39.822537+00:00",
  "device": "mps",
  "dtype": "torch.float32",
  "evidence": "group_diagnostic",
  "expert_labels": [
    "core",
    "alien-encounters",
    "bygone-eras",
    "cultural-traditions"
  ],
  "git_commit": "255d4808fcb2adbcab5c035082fac266e8ee2729",
  "identity": {
    "bit_width": 4,
    "checkpoint_sha256": "a83eeac3ae77c09a166e363c7b475dd1ef4a1765662acc5440260313f637429d",
    "checkpoint_step": 16048,
    "data_label": "alien-encounters",
    "expert_mask": [
      1,
      0,
      1,
      1,
      1
    ],
    "granularity": "per_channel",
    "max_sequences": null,
    "model_kind": "gram",
    "profile_id": "leave_out__a-deadline-or-time-limit",
    "selected_groups": [
      "core_mlp"
    ],
    "source_run_id": "20260718174851965051"
  },
  "loss": 1.6351187229156494,
  "provenance": "evaluated",
  "quantization_statistics": {
    "bit_width": 4,
    "granularity": "per_channel",
    "overall": {
      "element_count": 16777216,
      "mae": 0.05363316833972931,
      "max_absolute_error": 1.048283338546753,
      "parameter_count": 16,
      "relative_l2_error": 0.14973064727518096,
      "rmse": 0.06422644253637962,
      "scale_count": 20480,
      "scale_max": 2.0970888137817383,
      "scale_mean": 0.20401346273720264,
      "scale_min": 0.08093708008527756
    },
    "per_group": {
      "core_mlp": {
        "element_count": 16777216,
        "mae": 0.05363316833972931,
        "max_absolute_error": 1.048283338546753,
        "parameter_count": 16,
        "relative_l2_error": 0.14973064727518096,
        "rmse": 0.06422644253637962,
        "scale_count": 20480,
        "scale_max": 2.0970888137817383,
        "scale_mean": 0.20401346273720264,
        "scale_min": 0.08093708008527756
      }
    },
    "per_parameter": {
      "blocks.0.moe.experts.0.c_fc.weight": {
        "absolute_error_sum": 48898.875,
        "element_count": 1048576,
        "error_l2": 55.685489654541016,
        "group": "core_mlp",
        "mae": 0.04663360118865967,
        "max_absolute_error": 0.16810885071754456,
        "relative_l2_error": 0.1328088790178299,
        "rmse": 0.05438036471605301,
        "scale_count": 2048,
        "scale_max": 0.33634093403816223,
        "scale_mean": 0.1868342161178589,
        "scale_min": 0.11503417789936066,
        "source_l2": 419.2904357910156,
        "squared_error_sum": 3100.8740234375
      },
      "blocks.0.moe.experts.0.c_proj.weight": {
        "absolute_error_sum": 50836.94921875,
        "element_count": 1048576,
        "error_l2": 59.544586181640625,
        "group": "core_mlp",
        "mae": 0.04848189279437065,
        "max_absolute_error": 0.4883943200111389,
        "relative_l2_error": 0.16510848701000214,
        "rmse": 0.05814900994300842,
        "scale_count": 512,
        "scale_max": 0.9772008657455444,
        "scale_mean": 0.19407150149345398,
        "scale_min": 0.1462971270084381,
        "source_l2": 360.63916015625,
        "squared_error_sum": 3545.5576171875
      },
      "blocks.1.moe.experts.0.c_fc.weight": {
        "absolute_error_sum": 52683.10546875,
        "element_count": 1048576,
        "error_l2": 59.96997833251953,
        "group": "core_mlp",
        "mae": 0.05024252459406853,
        "max_absolute_error": 0.2514244318008423,
        "relative_l2_error": 0.13395151495933533,
        "rmse": 0.058564431965351105,
        "scale_count": 2048,
        "scale_max": 0.5040777921676636,
        "scale_mean": 0.20134100317955017,
        "scale_min": 0.08093708008527756,
        "source_l2": 447.6991271972656,
        "squared_error_sum": 3596.3984375
      },
      "blocks.1.moe.experts.0.c_proj.weight": {
        "absolute_error_sum": 58482.703125,
        "element_count": 1048576,
        "error_l2": 70.14021301269531,
        "group": "core_mlp",
        "mae": 0.055773451924324036,
        "max_absolute_error": 0.8513240218162537,
        "relative_l2_error": 0.16728557646274567,
        "rmse": 0.06849630177021027,
        "scale_count": 512,
        "scale_max": 1.7031517028808594,
        "scale_mean": 0.22311386466026306,
        "scale_min": 0.1751318871974945,
        "source_l2": 419.2842712402344,
        "squared_error_sum": 4919.6494140625
      },
      "blocks.2.moe.experts.0.c_fc.weight": {
        "absolute_error_sum": 52029.65625,
        "element_count": 1048576,
        "error_l2": 59.12958908081055,
        "group": "core_mlp",
        "mae": 0.04961934685707092,
        "max_absolute_error": 0.20348304510116577,
        "relative_l2_error": 0.1334780603647232,
        "rmse": 0.05774373933672905,
        "scale_count": 2048,
        "scale_max": 0.40716680884361267,
        "scale_mean": 0.19899415969848633,
        "scale_min": 0.11151885241270065,
        "source_l2": 442.9910888671875,
        "squared_error_sum": 3496.30810546875
      },
      "blocks.2.moe.experts.0.c_proj.weight": {
        "absolute_error_sum": 59101.19140625,
        "element_count": 1048576,
        "error_l2": 70.10511016845703,
        "group": "core_mlp",
        "mae": 0.056363288313150406,
        "max_absolute_error": 0.6813081502914429,
        "relative_l2_error": 0.16459396481513977,
        "rmse": 0.06846202909946442,
        "scale_count": 512,
        "scale_max": 1.3627674579620361,
        "scale_mean": 0.22560399770736694,
        "scale_min": 0.17259125411510468,
        "source_l2": 425.9275817871094,
        "squared_error_sum": 4914.72705078125
      },
      "blocks.3.moe.experts.0.c_fc.weight": {
        "absolute_error_sum": 51701.83984375,
        "element_count": 1048576,
        "error_l2": 58.781803131103516,
        "group": "core_mlp",
        "mae": 0.0493067167699337,
        "max_absolute_error": 0.22897888720035553,
        "relative_l2_error": 0.133192777633667,
        "rmse": 0.05740410462021828,
        "scale_count": 2048,
        "scale_max": 0.4587799608707428,
        "scale_mean": 0.19792000949382782,
        "scale_min": 0.14083583652973175,
        "source_l2": 441.3287658691406,
        "squared_error_sum": 3455.300537109375
      },
      "blocks.3.moe.experts.0.c_proj.weight": {
        "absolute_error_sum": 59713.265625,
        "element_count": 1048576,
        "error_l2": 70.40538787841797,
        "group": "core_mlp",
        "mae": 0.0569470077753067,
        "max_absolute_error": 0.6704449653625488,
        "relative_l2_error": 0.16211354732513428,
        "rmse": 0.06875525414943695,
        "scale_count": 512,
        "scale_max": 1.3414865732192993,
        "scale_mean": 0.22787345945835114,
        "scale_min": 0.17694492638111115,
        "source_l2": 434.2967529296875,
        "squared_error_sum": 4956.91796875
      },
      "blocks.4.moe.experts.0.c_fc.weight": {
        "absolute_error_sum": 51794.8046875,
        "element_count": 1048576,
        "error_l2": 58.870235443115234,
        "group": "core_mlp",
        "mae": 0.049395374953746796,
        "max_absolute_error": 0.2381657212972641,
        "relative_l2_error": 0.13374187052249908,
        "rmse": 0.05749046429991722,
        "scale_count": 2048,
        "scale_max": 0.4768337309360504,
        "scale_mean": 0.19804473221302032,
        "scale_min": 0.14294180274009705,
        "source_l2": 440.17803955078125,
        "squared_error_sum": 3465.70458984375
      },
      "blocks.4.moe.experts.0.c_proj.weight": {
        "absolute_error_sum": 62261.1015625,
        "element_count": 1048576,
        "error_l2": 72.50071716308594,
        "group": "core_mlp",
        "mae": 0.05937681347131729,
        "max_absolute_error": 0.5846725106239319,
        "relative_l2_error": 0.16166873276233673,
        "rmse": 0.07080148160457611,
        "scale_count": 512,
        "scale_max": 1.1694108247756958,
        "scale_mean": 0.23734980821609497,
        "scale_min": 0.17745840549468994,
        "source_l2": 448.45233154296875,