{
  "condition_index": 15,
  "created_at": "2026-07-19T17:22:52.742439+00:00",
  "device": "mps",
  "dtype": "torch.float32",
  "evidence": "group_diagnostic",
  "expert_labels": [
    "core",
    "alien-encounters",
    "bygone-eras",
    "cultural-traditions"
  ],
  "git_commit": "255d4808fcb2adbcab5c035082fac266e8ee2729",
  "identity": {
    "bit_width": 4,
    "checkpoint_sha256": "a83eeac3ae77c09a166e363c7b475dd1ef4a1765662acc5440260313f637429d",
    "checkpoint_step": 16048,
    "data_label": "a-deadline-or-time-limit",
    "expert_mask": [
      1,
      0,
      1,
      1,
      1
    ],
    "granularity": "per_channel",
    "max_sequences": null,
    "model_kind": "gram",
    "profile_id": "leave_out__a-deadline-or-time-limit",
    "selected_groups": [
      "embeddings"
    ],
    "source_run_id": "20260718174851965051"
  },
  "loss": 1.8787133693695068,
  "provenance": "evaluated",
  "quantization_statistics": {
    "bit_width": 4,
    "granularity": "per_channel",
    "overall": {
      "element_count": 4194304,
      "mae": 0.04963305965065956,
      "max_absolute_error": 0.4585387110710144,
      "parameter_count": 2,
      "relative_l2_error": 0.14787558124947536,
      "rmse": 0.05962967748265042,
      "scale_count": 8192,
      "scale_max": 0.9203090071678162,
      "scale_mean": 0.19981315732002258,
      "scale_min": 0.0034106287639588118
    },
    "per_group": {
      "embeddings": {
        "element_count": 4194304,
        "mae": 0.04963305965065956,
        "max_absolute_error": 0.4585387110710144,
        "parameter_count": 2,
        "relative_l2_error": 0.14787558124947536,
        "rmse": 0.05962967748265042,
        "scale_count": 8192,
        "scale_max": 0.9203090071678162,
        "scale_mean": 0.19981315732002258,
        "scale_min": 0.0034106287639588118
      }
    },
    "per_parameter": {
      "embed.weight": {
        "absolute_error_sum": 105952.640625,
        "element_count": 2097152,
        "error_l2": 87.76347351074219,
        "group": "embeddings",
        "mae": 0.050522156059741974,
        "max_absolute_error": 0.4585387110710144,
        "relative_l2_error": 0.13777051866054535,
        "rmse": 0.060603655874729156,
        "scale_count": 4096,
        "scale_max": 0.9203090071678162,
        "scale_mean": 0.2027777135372162,
        "scale_min": 0.0034106287639588118,
        "source_l2": 637.0264892578125,
        "squared_error_sum": 7702.4267578125
      },
      "unembed.weight": {
        "absolute_error_sum": 102223.5,
        "element_count": 2097152,
        "error_l2": 84.91909790039062,
        "group": "embeddings",
        "mae": 0.04874396324157715,
        "max_absolute_error": 0.20773175358772278,
        "relative_l2_error": 0.16157954931259155,
        "rmse": 0.0586395226418972,
        "scale_count": 4096,
        "scale_max": 0.41785454750061035,
        "scale_mean": 0.19684860110282898,
        "scale_min": 0.08599065244197845,
        "source_l2": 525.5559692382812,
        "squared_error_sum": 7211.25341796875
      }
    },
    "selected_groups": [
      "embeddings"
    ]
  },
  "source_checkpoint": "/Users/jarrett/dev/gram-quant/modular-pretraining/results/stories_phase2/seed_1/20260718174851965051/routed/checkpoint.pth"
}
