{
  "condition_index": 10,
  "created_at": "2026-07-19T14:54:31.100404+00:00",
  "device": "mps",
  "dtype": "torch.float32",
  "evidence": "group_diagnostic",
  "expert_labels": [
    "core",
    "a-deadline-or-time-limit",
    "alien-encounters",
    "bygone-eras",
    "cultural-traditions"
  ],
  "git_commit": "255d4808fcb2adbcab5c035082fac266e8ee2729",
  "identity": {
    "bit_width": 6,
    "checkpoint_sha256": "a83eeac3ae77c09a166e363c7b475dd1ef4a1765662acc5440260313f637429d",
    "checkpoint_step": 16048,
    "data_label": "core",
    "expert_mask": [
      1,
      1,
      1,
      1,
      1
    ],
    "granularity": "per_channel",
    "max_sequences": null,
    "model_kind": "gram",
    "profile_id": "all_on",
    "selected_groups": [
      "attention"
    ],
    "source_run_id": "20260718174851965051"
  },
  "loss": 1.6512585878372192,
  "provenance": "evaluated",
  "quantization_statistics": {
    "bit_width": 6,
    "granularity": "per_channel",
    "overall": {
      "element_count": 5242880,
      "mae": 0.010584880248643458,
      "max_absolute_error": 0.1229250431060791,
      "parameter_count": 24,
      "relative_l2_error": 0.03130249658572336,
      "rmse": 0.012621745586945055,
      "scale_count": 10240,
      "scale_max": 0.24590040743350983,
      "scale_mean": 0.042436130344867706,
      "scale_min": 0.014515327289700508
    },
    "per_group": {
      "attention": {
        "element_count": 5242880,
        "mae": 0.010584880248643458,
        "max_absolute_error": 0.1229250431060791,
        "parameter_count": 24,
        "relative_l2_error": 0.03130249658572336,
        "rmse": 0.012621745586945055,
        "scale_count": 10240,
        "scale_max": 0.24590040743350983,
        "scale_mean": 0.042436130344867706,
        "scale_min": 0.014515327289700508
      }
    },
    "per_parameter": {
      "blocks.0.attn.c_attn_kv.weight": {
        "absolute_error_sum": 1426.24755859375,
        "element_count": 131072,
        "error_l2": 5.369166851043701,
        "group": "attention",
        "mae": 0.01088140532374382,
        "max_absolute_error": 0.11341743171215057,
        "relative_l2_error": 0.03455439582467079,
        "rmse": 0.01483036857098341,
        "scale_count": 256,
        "scale_max": 0.2272869050502777,
        "scale_mean": 0.04359494149684906,
        "scale_min": 0.016207845881581306,
        "source_l2": 155.38304138183594,
        "squared_error_sum": 28.82795524597168
      },
      "blocks.0.attn.c_attn_q.weight": {
        "absolute_error_sum": 3508.985595703125,
        "element_count": 262144,
        "error_l2": 8.069785118103027,
        "group": "attention",
        "mae": 0.013385717757046223,
        "max_absolute_error": 0.04696279764175415,
        "relative_l2_error": 0.03047836199402809,
        "rmse": 0.015761299058794975,
        "scale_count": 512,
        "scale_max": 0.09460894018411636,
        "scale_mean": 0.053553029894828796,
        "scale_min": 0.02375735715031624,
        "source_l2": 264.7709655761719,
        "squared_error_sum": 65.12142944335938
      },
      "blocks.0.attn.c_proj.weight": {
        "absolute_error_sum": 1903.4390869140625,
        "element_count": 262144,
        "error_l2": 4.348251819610596,
        "group": "attention",
        "mae": 0.007261043880134821,
        "max_absolute_error": 0.03477492928504944,
        "relative_l2_error": 0.031195636838674545,
        "rmse": 0.008492679335176945,
        "scale_count": 512,
        "scale_max": 0.06965715438127518,
        "scale_mean": 0.029035119339823723,
        "scale_min": 0.01662975177168846,
        "source_l2": 139.38653564453125,
        "squared_error_sum": 18.90729522705078
      },
      "blocks.1.attn.c_attn_kv.weight": {
        "absolute_error_sum": 1352.987548828125,
        "element_count": 131072,
        "error_l2": 4.484225273132324,
        "group": "attention",
        "mae": 0.01032247580587864,
        "max_absolute_error": 0.068131223320961,
        "relative_l2_error": 0.032927580177783966,
        "rmse": 0.012386038899421692,
        "scale_count": 256,
        "scale_max": 0.13642866909503937,
        "scale_mean": 0.041377387940883636,
        "scale_min": 0.02728322520852089,
        "source_l2": 136.18447875976562,
        "squared_error_sum": 20.108274459838867
      },
      "blocks.1.attn.c_attn_q.weight": {
        "absolute_error_sum": 2858.031982421875,
        "element_count": 262144,
        "error_l2": 6.614126682281494,
        "group": "attention",
        "mae": 0.010902526788413525,
        "max_absolute_error": 0.04425482451915741,
        "relative_l2_error": 0.030239731073379517,
        "rmse": 0.012918216176331043,
        "scale_count": 512,
        "scale_max": 0.08852526545524597,
        "scale_mean": 0.04369186609983444,
        "scale_min": 0.015934988856315613,
        "source_l2": 218.7230682373047,
        "squared_error_sum": 43.746673583984375
      },
      "blocks.1.attn.c_proj.weight": {
        "absolute_error_sum": 2421.31494140625,
        "element_count": 262144,
        "error_l2": 5.746743202209473,
        "group": "attention",
        "mae": 0.009236583486199379,
        "max_absolute_error": 0.1229250431060791,
        "relative_l2_error": 0.030139179900288582,
        "rmse": 0.011224107816815376,
        "scale_count": 512,
        "scale_max": 0.24590040743350983,
        "scale_mean": 0.03702878952026367,
        "scale_min": 0.027309851720929146,
        "source_l2": 190.6735076904297,
        "squared_error_sum": 33.025054931640625
      },
      "blocks.2.attn.c_attn_kv.weight": {
        "absolute_error_sum": 1404.776123046875,
        "element_count": 131072,
        "error_l2": 4.647510051727295,
        "group": "attention",
        "mae": 0.010717591270804405,
        "max_absolute_error": 0.062235355377197266,
        "relative_l2_error": 0.032912831753492355,
        "rmse": 0.012837054207921028,
        "scale_count": 256,
        "scale_max": 0.12476268410682678,
        "scale_mean": 0.04299333691596985,
        "scale_min": 0.028089217841625214,
        "source_l2": 141.20663452148438,
        "squared_error_sum": 21.599349975585938
      },
      "blocks.2.attn.c_attn_q.weight": {
        "absolute_error_sum": 2959.651123046875,
        "element_count": 262144,
        "error_l2": 6.814686298370361,
        "group": "attention",
        "mae": 0.011290173046290874,
        "max_absolute_error": 0.06101791188120842,
        "relative_l2_error": 0.030880026519298553,
        "rmse": 0.013309935107827187,
        "scale_count": 512,
        "scale_max": 0.12225699424743652,
        "scale_mean": 0.04525640606880188,
        "scale_min": 0.02189692296087742,
        "source_l2": 220.6826629638672,
        "squared_error_sum": 46.4399528503418
      },
      "blocks.2.attn.c_proj.weight": {
        "absolute_error_sum": 2546.5615234375,
        "element_count": 262144,
        "error_l2": 5.8621134757995605,
        "group": "attention",
        "mae": 0.009714361280202866,
        "max_absolute_error": 0.07242494821548462,
        "relative_l2_error": 0.030224820598959923,
        "rmse": 0.011449440382421017,
        "scale_count": 512,
        "scale_max": 0.14521972835063934,
        "scale_mean": 0.03896091878414154,
        "scale_min": 0.029366713017225266,
        "source_l2": 193.9503173828125,
        "squared_error_sum": 34.36437225341797
      },
      "blocks.3.attn.c_attn_kv.weight": {
        "absolute_error_sum": 1420.51220703125,
        "element_count": 131072,
        "error_l2": 4.68562126159668,
        "group": "attention",
        "mae": 0.010837648063898087,
        "max_absolute_error": 0.05988210439682007,
        "relative_l2_error": 0.03289265185594559,
        "rmse": 0.01294232252985239,
        "scale_count": 256,
        "scale_max": 0.12008915841579437,
        "scale_mean": 0.043492674827575684,
        "scale_min": 0.028381584212183952,
        "source_l2": 142.45191955566406,